{"loss": 0.31314823031425476, "_timestamp": 1691030300.006468, "_runtime": 351.34186005592346, "_step": 1090, "_wandb": {"runtime": 351}}