{"loss": 0.24287936091423035, "_timestamp": 1691072898.450517, "_runtime": 9.69288182258606, "_step": 66}