{"loss": 0.6256362795829773, "_timestamp": 1691071565.583141, "_runtime": 4.129885196685791, "_step": 0, "_wandb": {"runtime": 47}}