{"loss": 0.4228396415710449, "_timestamp": 1691032715.325988, "_runtime": 1585.5213451385498, "_step": 1098, "mel_spectrogram": {"_type": "image-file", "sha256": "8eaa6897ada76b68d4eb1e0f188c243deaabf0c29bce2ef2413e8534895cc7ef", "size": 449, "path": "media/images/mel_spectrogram_1098_8eaa6897ada76b68d4eb.png", "format": "png", "width": 800, "height": 80}, "_wandb": {"runtime": 178}}